Workbook

Sheet Project Overview
A1: NORTHSTAR CUSTOMER PORTAL | PROJECT TRACKER
A2: FICTIONAL TRAINING DATA • Status date: 1 October 2026
A4: Project goal | B4: Replace the legacy customer support portal with a secure, mobile-friendly self-service experience.
A5: Business outcome | B5: Reduce avoidable support contacts and improve customer visibility into case progress.
A6: Project manager | B6: Maya Chen (fictional)
A7: Executive sponsor | B7: Elena Rossi (fictional)
A8: Target launch | B8: 30 October 2026
A9: Reporting cadence | B9: Weekly, every Thursday
A11: Portfolio snapshot
A12: Total tasks | B12: Complete | C12: In progress | D12: Blocked | E12: Not started | F12: Overdue open | G12: Avg. completion
A13: =COUNTA('Task Tracker'!A2:A200) -> 28 | B13: =COUNTIF('Task Tracker'!H:H,"Complete") -> 7 | C13: =COUNTIF('Task Tracker'!H:H,"In Progress") -> 13 | D13: =COUNTIF('Task Tracker'!H:H,"Blocked") -> 2 | E13: =COUNTIF('Task Tracker'!H:H,"Not Started") -> 6 | F13: =COUNTIFS('Task Tracker'!K:K,"<"&TODAY(),'Task Tracker'!H:H,"<>Complete") -> 5 | G13: =AVERAGE('Task Tracker'!I2:I200) -> 0.59
A16: Current narrative
A17: Overall status | B17: AT RISK | C17: Two launch-critical items are blocked and user acceptance testing started later than planned.
A18: Latest progress | B18: Mixed | C18: Authentication defects decreased, content migration passed its first quality review, and pilot training materials are drafted.
A19: Top concern | B19: Decision needed | C19: The team needs a decision on whether to launch reporting in phase 1 or defer it to the November service update.
A20: Next checkpoint | B20: 8 October 2026 | C20: Review UAT defect trend, confirm reporting scope, and approve the customer communication draft.
A23: Suggested learner task
A24: Ask Copilot to prepare a concise weekly status update for the steering committee. Require: overall RAG status with evidence, completed work, next milestones, top risks/issues with owners and mitigations, decisions needed, and any conflicting or stale data it notices.

Sheet Task Tracker
A1: Task ID | B1: Workstream | C1: Task | D1: Owner | E1: Priority | F1: Health | G1: Type | H1: Status | I1: % Complete | J1: Start Date | K1: Due Date | L1: Dependency | M1: Last Update | N1: Update / Evidence | O1: Next Step | P1: Decision Needed
A2: NS-001 | B2: Program Management | C2: Confirm scope and success measures | D2: Maya Chen | E2: High | F2: Green | G2: Milestone | H2: Complete | I2: 1 | J2: 46209 | K2: 46213 | M2: 46213 | N2: Scope and KPIs approved by sponsor. | O2: Archive baseline.
A3: NS-002 | B3: Experience | C3: Approve information architecture | D3: Noah Williams | E3: High | F3: Green | G3: Deliverable | H3: Complete | I3: 1 | J3: 46216 | K3: 46234 | L3: NS-001 | M3: 46233 | N3: Navigation model approved after two customer interviews. | O3: None.
A4: NS-003 | B4: Experience | C4: Complete responsive visual design | D4: Aisha Khan | E4: High | F4: Amber | G4: Deliverable | H4: In Progress | I4: 0.85 | J4: 46237 | K4: 46283 | L4: NS-002 | M4: 46294 | N4: Mobile error-state screens remain under review. | O4: Close feedback by 5 Oct. | P4: Approve current error-state pattern.
A5: NS-004 | B5: Platform | C5: Provision production environment | D5: Leo Martins | E5: High | F5: Green | G5: Task | H5: Complete | I5: 1 | J5: 46223 | K5: 46248 | L5: NS-001 | M5: 46247 | N5: Production subscription, networking, and monitoring workspace created. | O5: None.
A6: NS-005 | B6: Platform | C6: Implement customer authentication | D6: Sofia Petrou | E6: Critical | F6: Amber | G6: Deliverable | H6: In Progress | I6: 0.78 | J6: 46237 | K6: 46290 | L6: NS-004 | M6: 46295 | N6: Token refresh defect reproduced; fix is in code review. | O6: Deploy fix to UAT by 2 Oct.
A7: NS-006 | B7: Data | C7: Build customer profile API | D7: Owen Brooks | E7: High | F7: Green | G7: Deliverable | H7: Complete | I7: 1 | J7: 46237 | K7: 46269 | L7: NS-004 | M7: 46268 | N7: API passed functional and throttling tests. | O7: Monitor during UAT.
A8: NS-007 | B8: Data | C8: Build case history API | D8: Owen Brooks | E8: Critical | F8: Red | G8: Deliverable | H8: Blocked | I8: 0.65 | J8: 46244 | K8: 46286 | L8: NS-004 | M8: 46293 | N8: Blocked by missing field mapping from the legacy service team. | O8: Escalate mapping request to service owner. | P8: Confirm whether two legacy fields can be excluded from launch.
A9: NS-008 | B9: Experience | C9: Develop portal shell and navigation | D9: Emma Dubois | E9: High | F9: Green | G9: Deliverable | H9: Complete | I9: 1 | J9: 46244 | K9: 46276 | L9: NS-002; NS-004 | M9: 46275 | N9: Portal shell deployed to UAT. | O9: Address defects raised in UAT.
A10: NS-009 | B10: Experience | C10: Develop case search and filters | D10: Emma Dubois | E10: High | F10: Amber | G10: Deliverable | H10: In Progress | I10: 0.72 | J10: 46258 | K10: 46295 | L10: NS-007; NS-008 | M10: 46295 | N10: Search works with test data; production-like case data is unavailable. | O10: Retest after case API is unblocked.
A11: NS-010 | B11: Reporting | C11: Build service usage dashboard | D11: Daniel Kim | E11: Medium | F11: Red | G11: Deliverable | H11: Blocked | I11: 0.35 | J11: 46265 | K11: 46290 | L11: NS-006; Analytics contract | M11: 46289 | N11: Analytics event contract is not approved; dashboard measures may change. | O11: Present phase options to steering committee. | P11: Launch reporting in phase 1 or defer to November?
A12: NS-011 | B12: Security | C12: Complete threat model | D12: Rina Patel | E12: High | F12: Green | G12: Control | H12: Complete | I12: 1 | J12: 46244 | K12: 46262 | L12: NS-001 | M12: 46261 | N12: Threat model approved with four mitigations tracked in backlog. | O12: Verify mitigations before production approval.
A13: NS-012 | B13: Security | C13: Run penetration test | D13: Rina Patel | E13: Critical | F13: Amber | G13: Control | H13: In Progress | I13: 0.4 | J13: 46286 | K13: 46302 | L13: NS-005; NS-007; NS-008 | M13: 46295 | N13: Testing started on available flows; case history coverage is pending. | O13: Complete retest after API integration.
A14: NS-013 | B14: Quality | C14: Prepare UAT test plan | D14: Grace Miller | E14: High | F14: Green | G14: Task | H14: Complete | I14: 1 | J14: 46258 | K14: 46276 | L14: NS-001 | M14: 46276 | N14: Test plan covers 42 business scenarios. | O14: Maintain traceability to defects.
A15: NS-014 | B15: Quality | C15: Execute UAT cycle 1 | D15: Grace Miller | E15: Critical | F15: Amber | G15: Milestone | H15: In Progress | I15: 0.55 | J15: 46286 | K15: 46297 | L15: NS-005; NS-007; NS-008; NS-013 | M15: 46295 | N15: 23 of 42 scenarios passed; five blocked by case history data. | O15: Finish available tests and isolate blocked cases.
A16: NS-015 | B16: Quality | C16: Resolve priority 1 and 2 defects | D16: Sofia Petrou | E16: Critical | F16: Amber | G16: Task | H16: In Progress | I16: 0.5 | J16: 46289 | K16: 46304 | L16: NS-014 | M16: 46295 | N16: One priority 1 and three priority 2 defects remain open. | O16: Run daily defect triage.
A17: NS-016 | B17: Content | C17: Migrate top 50 knowledge articles | D17: Liam Murphy | E17: High | F17: Green | G17: Deliverable | H17: In Progress | I17: 0.82 | J17: 46251 | K17: 46300 | L17: Content export | M17: 46295 | N17: 41 articles migrated; first quality sample passed. | O17: Migrate remaining nine articles.
A18: NS-017 | B18: Content | C18: Approve support contact content | D18: Liam Murphy | E18: Medium | F18: Amber | G18: Task | H18: Not Started | I18: 0 | J18: 46296 | K18: 46303 | L18: NS-003 | M18: 46287 | N18: Legal reviewer availability is not yet confirmed. | O18: Book review session.
A19: NS-018 | B19: Change | C19: Draft service desk training | D19: Chloe Bernard | E19: Medium | F19: Green | G19: Deliverable | H19: In Progress | I19: 0.7 | J19: 46272 | K19: 46302 | L19: NS-016 | M19: 46294 | N19: Facilitator guide and demo script drafted. | O19: Add case history demo when API is ready.
A20: NS-019 | B20: Change | C20: Deliver service desk pilot | D20: Chloe Bernard | E20: High | F20: Amber | G20: Milestone | H20: Not Started | I20: 0 | J20: 46303 | K20: 46307 | L20: NS-018; Stable UAT build | M20: 46294 | N20: Pilot audience confirmed for 12 October. | O20: Confirm stable build by 8 Oct.
A21: NS-020 | B21: Change | C21: Create customer launch communication | D21: Ben Carter | E21: High | F21: Amber | G21: Deliverable | H21: In Progress | I21: 0.45 | J21: 46279 | K21: 46304 | L21: Launch scope | M21: 46293 | N21: Draft created; reporting claims depend on the scope decision. | O21: Prepare two versions for phase 1 options.
A22: NS-021 | B22: Operations | C22: Complete support runbook | D22: Nadia Ionescu | E22: High | F22: Green | G22: Deliverable | H22: In Progress | I22: 0.75 | J22: 46272 | K22: 46304 | L22: NS-006; NS-007 | M22: 46295 | N22: Escalation paths and profile API procedures complete. | O22: Add case API troubleshooting section.
A23: NS-022 | B23: Operations | C23: Configure production alerts | D23: Nadia Ionescu | E23: High | F23: Green | G23: Control | H23: In Progress | I23: 0.6 | J23: 46279 | K23: 46307 | L23: NS-004 | M23: 46295 | N23: Availability and authentication alerts configured. | O23: Add business transaction alerts.
A24: NS-023 | B24: Operations | C24: Run disaster recovery exercise | D24: Leo Martins | E24: High | F24: Green | G24: Milestone | H24: Not Started | I24: 0 | J24: 46308 | K24: 46310 | L24: NS-021; NS-022 | M24: 46288 | N24: Scenario and participants identified. | O24: Finalize exercise script.
A25: NS-024 | B25: Program Management | C25: Confirm go/no-go criteria | D25: Maya Chen | E25: Critical | F25: Amber | G25: Decision | H25: In Progress | I25: 0.6 | J25: 46286 | K25: 46303 | L25: NS-012; NS-014; NS-015 | M25: 46295 | N25: Draft criteria reviewed; defect thresholds need sponsor approval. | O25: Review thresholds on 8 Oct. | P25: Approve maximum acceptable priority 2 defects.
A26: NS-025 | B26: Program Management | C26: Conduct go/no-go review | D26: Elena Rossi | E26: Critical | F26: Green | G26: Milestone | H26: Not Started | I26: 0 | J26: 46314 | K26: 46315 | L26: NS-024 | M26: 46295 | N26: Meeting placeholder held. | O26: Prepare evidence pack.
A27: NS-026 | B27: Release | C27: Production deployment | D27: Leo Martins | E27: Critical | F27: Green | G27: Milestone | H27: Not Started | I27: 0 | J27: 46319 | K27: 46320 | L27: NS-012; NS-015; NS-025 | M27: 46295 | N27: Deployment plan drafted. | O27: Rehearse rollback sequence.
A28: NS-027 | B28: Release | C28: Customer portal launch | D28: Maya Chen | E28: Critical | F28: Amber | G28: Milestone | H28: Not Started | I28: 0 | J28: 46325 | K28: 46325 | L28: NS-019; NS-020; NS-026 | M28: 46295 | N28: Launch remains targeted for 30 October; confidence depends on API and UAT recovery. | O28: Track critical path daily.
A29: NS-028 | B29: Program Management | C29: Publish weekly steering status | D29: Maya Chen | E29: Medium | F29: Green | G29: Task | H29: In Progress | I29: 0.8 | J29: 46219 | K29: 46324 | L29: All workstreams | M29: 46290 | N29: Last update sent on 25 September; next update due 1 October. | O29: Use this tracker to draft the 1 October update.

Sheet Milestones
A1: Milestone | B1: Owner | C1: Baseline Date | D1: Forecast Date | E1: Status | F1: Confidence | G1: Exit Criteria | H1: Comment
A2: Design complete | B2: Aisha Khan | C2: 46283 | D2: 46300 | E2: At Risk | F2: Medium | G2: All responsive screens approved | H2: Mobile error-state approval pending.
A3: UAT cycle 1 complete | B3: Grace Miller | C3: 46297 | D3: 46301 | E3: At Risk | F3: Low | G3: 42 scenarios executed; blockers documented | H3: Five scenarios blocked by case history data.
A4: Security approval | B4: Rina Patel | C4: 46304 | D4: 46308 | E4: At Risk | F4: Medium | G4: No open critical findings | H4: Coverage depends on case history API.
A5: Service desk pilot | B5: Chloe Bernard | C5: 46307 | D5: 46307 | E5: On Track | F5: Medium | G5: Pilot delivered and feedback logged | H5: Stable build needed by 8 October.
A6: Go/no-go review | B6: Elena Rossi | C6: 46315 | D6: 46315 | E6: On Track | F6: Medium | G6: Evidence accepted and decision recorded | H6: Threshold approval required first.
A7: Production deployment | B7: Leo Martins | C7: 46320 | D7: 46320 | E7: On Track | F7: Medium | G7: Deployment and smoke tests complete | H7: Rollback rehearsal not yet run.
A8: Customer launch | B8: Maya Chen | C8: 46325 | D8: 46325 | E8: At Risk | F8: Medium | G8: Portal available and communications sent | H8: Date unchanged, but critical-path recovery is required.

Sheet Risks & Issues
A1: ID | B1: Category | C1: Type | D1: Description | E1: Impact | F1: Probability | G1: Rating | H1: Owner | I1: Mitigation / Recovery | J1: Due Date | K1: State | L1: Escalation / Decision
A2: RI-01 | B2: Dependency | C2: Issue | D2: Legacy field mapping for the case history API is incomplete. | E2: High | F2: High | G2: Red | H2: Owen Brooks | I2: Daily working session with legacy service team; propose excluding two low-use fields. | J2: 46297 | K2: Open | L2: Approve reduced launch field set if mapping is not received.
A3: RI-02 | B3: Scope | C3: Issue | D3: Analytics event contract is not approved. | E3: Medium | F3: High | G3: Red | H3: Daniel Kim | I3: Prepare phase 1 and deferred reporting options. | J3: 46303 | K3: Open | L3: Choose reporting scope for launch.
A4: RI-03 | B4: Schedule | C4: Risk | D4: UAT may not finish with enough time for defect retesting. | E4: High | F4: High | G4: Red | H4: Grace Miller | I4: Extend daily test window and prioritize critical journeys. | J4: 46301 | K4: Open | L4: Accept revised UAT forecast.
A5: RI-04 | B5: Security | C5: Risk | D5: Penetration test coverage may be incomplete while the case API is blocked. | E5: High | F5: Medium | G5: Amber | H5: Rina Patel | I5: Test available flows now and reserve a focused retest slot. | J5: 46308 | K5: Open | L5: None currently.
A6: RI-05 | B6: Change | C6: Risk | D6: Service desk pilot could use an unstable build. | E6: Medium | F6: Medium | G6: Amber | H6: Chloe Bernard | I6: Set build cutoff for 8 October and use recorded fallback demo. | J6: 46303 | K6: Open | L6: Confirm pilot go/no-go on 8 October.
A7: RI-06 | B7: Content | C7: Risk | D7: Legal review availability may delay support contact content. | E7: Medium | F7: Medium | G7: Amber | H7: Liam Murphy | I7: Book backup reviewer and prepare existing-approved wording. | J7: 46303 | K7: Open | L7: Escalate if no reviewer by 2 October.
A8: RI-07 | B8: Quality | C8: Issue | D8: One priority 1 authentication defect remains open. | E8: High | F8: Medium | G8: Amber | H8: Sofia Petrou | I8: Fix is in review; deploy to UAT and run targeted regression. | J8: 46297 | K8: Open | L8: None currently.
A9: RI-08 | B9: Operations | C9: Risk | D9: Runbook lacks case API troubleshooting steps. | E9: Medium | F9: High | G9: Amber | H9: Nadia Ionescu | I9: Draft placeholder procedure and update after API recovery. | J9: 46304 | K9: Open | L9: None currently.
A10: RI-09 | B10: Adoption | C10: Risk | D10: Customer communication may overstate launch reporting capabilities. | E10: Medium | F10: Medium | G10: Amber | H10: Ben Carter | I10: Maintain two communication versions until scope decision. | J10: 46304 | K10: Open | L10: Use wording aligned to final scope.
A11: RI-10 | B11: Resources | C11: Risk | D11: The data lead is unavailable 5 to 7 October. | E11: Medium | F11: Medium | G11: Amber | H11: Maya Chen | I11: Assign Sofia as technical backup and document handover. | J11: 46297 | K11: Mitigating | L11: Confirm handover complete.

Sheet Weekly Updates
A1: Update Date | B1: Overall Status | C1: Accomplishments | D1: Challenges / Changes | E1: Next Week | F1: Decisions / Asks
A2: 46275 | B2: On Track | C2: Portal shell deployed to UAT; profile API passed testing; UAT plan completed. | D2: Case history mapping workshop moved by three days. | E2: Start integrated testing and migrate first content batch. | F2: None.
A3: 46282 | B3: At Risk | C3: First 20 articles migrated; threat mitigations implemented; service desk guide outline approved. | D3: Case history API forecast slipped; analytics contract still open. | E3: Start UAT on available journeys and raise dependency escalation. | F3: Confirm data owner for legacy mapping.
A4: 46289 | B4: At Risk | C4: UAT started; authentication flows mostly passed; production alerts configured. | D4: One priority 1 authentication defect; five UAT scenarios blocked; dashboard blocked. | E4: Fix authentication, unblock mapping, continue UAT, draft launch communications. | F4: Decide whether reporting can move to November.
A5: 46296 | C5: 41 articles migrated; token refresh fix entered code review; 23 of 42 UAT scenarios passed. | D5: Case history API and dashboard remain blocked; security coverage is partial; design approval is late. | E5: Recover case API, execute remaining UAT, close P1 defect, finalize pilot materials. | F5: Reporting scope; reduced legacy field set; approved defect thresholds.

Sheet Prompt Lab
A1: COPILOT PROMPT LAB
A2: Level | B2: Prompt
A3: Foundation | B3: Summarize this project for a steering committee. Use only evidence in the workbook. Include overall status, progress, next steps, risks, and decisions needed.
A4: Evidence | B4: Recommend a RAG status as of 1 October 2026. Cite the specific tasks, milestones, and risks that support the recommendation. Separate facts from judgment.
A5: Audience | B5: Write two status updates from this tracker: one for executives in 150 words and one for the delivery team with detailed actions.
A6: Critical path | B6: Identify the tasks most likely to affect the 30 October launch. Explain the dependency chain and name the immediate recovery actions.
A7: Data quality | B7: Find conflicting, stale, blank, or ambiguous fields that could weaken a status report. Do not invent missing information.
A8: Decisions | B8: Create a decision brief for the steering committee. For each open decision, include context, options visible in the tracker, impact, owner, and due date.
A9: Trends | B9: Compare the weekly updates from 10 September through 1 October. Explain what improved, what deteriorated, and what remained unresolved.
A10: Actions | B10: Create a follow-up list grouped by owner for work due on or before 13 October. Prioritize blocked and critical items.
A11: Grounding check | B11: Draft a status update, then add an evidence appendix that maps every claim to a task ID, milestone, or risk ID.
A12: Refinement | B12: Review your first status update as a skeptical sponsor. Identify vague claims, missing evidence, and decisions that need clearer wording, then rewrite it.
A14: Facilitator note | B14: The workbook is intentionally realistic rather than perfectly clean. The latest weekly update has a blank overall status, one milestone has slipped, several tasks depend on decisions, and some dates are already past. Learners should ask Copilot to stay grounded, distinguish evidence from recommendation, and call out uncertainty.

Sheet _Chart Data
A1: Status | B1: Count | D1: Workstream | E1: Average Completion
A2: Complete | B2: =COUNTIF('Task Tracker'!H:H,A2) -> 7 | D2: Change | E2: =AVERAGEIF('Task Tracker'!B:B,D2,'Task Tracker'!I:I) -> 0.38333333
A3: In Progress | B3: =COUNTIF('Task Tracker'!H:H,A3) -> 13 | D3: Content | E3: =AVERAGEIF('Task Tracker'!B:B,D3,'Task Tracker'!I:I) -> 0.41
A4: Blocked | B4: =COUNTIF('Task Tracker'!H:H,A4) -> 2 | D4: Data | E4: =AVERAGEIF('Task Tracker'!B:B,D4,'Task Tracker'!I:I) -> 0.825
A5: Not Started | B5: =COUNTIF('Task Tracker'!H:H,A5) -> 6 | D5: Experience | E5: =AVERAGEIF('Task Tracker'!B:B,D5,'Task Tracker'!I:I) -> 0.8925
D6: Operations | E6: =AVERAGEIF('Task Tracker'!B:B,D6,'Task Tracker'!I:I) -> 0.45
D7: Platform | E7: =AVERAGEIF('Task Tracker'!B:B,D7,'Task Tracker'!I:I) -> 0.89
D8: Program Management | E8: =AVERAGEIF('Task Tracker'!B:B,D8,'Task Tracker'!I:I) -> 0.6
D9: Quality | E9: =AVERAGEIF('Task Tracker'!B:B,D9,'Task Tracker'!I:I) -> 0.68333333
D10: Release | E10: =AVERAGEIF('Task Tracker'!B:B,D10,'Task Tracker'!I:I) -> 0
D11: Reporting | E11: =AVERAGEIF('Task Tracker'!B:B,D11,'Task Tracker'!I:I) -> 0.35
D12: Security | E12: =AVERAGEIF('Task Tracker'!B:B,D12,'Task Tracker'!I:I) -> 0.7
